{"./extra/tensorboy/data/scalar_group/train loss": [[1554863216.0272908, 0, 0.2491290271282196], [1554863219.166456, 1, 0.047332994639873505], [1554863222.3860207, 2, 0.0865883156657219], [1554863225.6087165, 3, 0.11416780948638916], [1554863228.8004196, 4, 0.036368366330862045]], "./extra/tensorboy/data/scalar_group/val loss": [[1554863216.0272908, 0, 0.07801655679941177], [1554863219.166456, 1, 0.03464864194393158], [1554863222.3860207, 2, 0.11691515147686005], [1554863225.6087165, 3, 0.044793564826250076], [1554863228.8004196, 4, 0.016244512051343918]]}